question,answers,correct_answer,id
What does self-confidence mean to you?,"[""Believing in your abilities"",""Feeling superior to others"",""Being overconfident"",""Having no doubts""]",Believing in your abilities,1
How do you handle self-doubt and negative thoughts?,"[""Ignore them and move forward"",""Let them consume you"",""Share them with others"",""Suppress them completely""]",Ignore them and move forward,2
What is one accomplishment you're proud of that boosted your self-confidence?,"[""Getting a promotion"",""Winning a competition"",""Making new friends"",""None of the above""]",Getting a promotion,3
How does setting and achieving small goals contribute to self-confidence?,"[""It doesn't have any impact"",""It can make you overconfident"",""It builds a sense of achievement"",""It makes you doubt yourself""]",It builds a sense of achievement,4
What role does positive self-talk play in self-confidence?,"[""It has no effect"",""It can lead to arrogance"",""It boosts self-esteem"",""It promotes self-doubt""]",It boosts self-esteem,5
How can facing your fears help in building self-confidence?,"[""It can't help at all"",""It reinforces your fears"",""It shows you what you're capable of"",""It leads to failure""]",It shows you what you're capable of,6
What is the importance of self-acceptance in self-confidence?,"[""It doesn't matter"",""It leads to arrogance"",""It helps you embrace your flaws"",""It promotes self-doubt""]",It helps you embrace your flaws,7
How can receiving constructive feedback boost self-confidence?,"[""It can't help at all"",""It leads to defensiveness"",""It provides valuable insights for improvement"",""It makes you give up""]",It provides valuable insights for improvement,8
What is one step you can take today to improve your self-confidence?,"[""Nothing, I'm already confident enough"",""Set a small achievable goal"",""Avoid challenges"",""Compare myself to others""]",Set a small achievable goal,9
What does self-care have to do with self-confidence?,"[""It's irrelevant"",""It leads to self-indulgence"",""It contributes to overall well-being"",""It makes you self-conscious""]",It contributes to overall well-being,10
What strategies can help you overcome self-doubt when facing a challenge?,"[""Avoid the challenge"",""Seek support from others"",""Criticize yourself"",""Hide your feelings""]",Seek support from others,11
How does setting realistic expectations contribute to self-confidence?,"[""It doesn't matter"",""It leads to complacency"",""It prevents disappointment"",""It fosters self-doubt""]",It prevents disappointment,12
What role does gratitude play in building self-confidence?,"[""It doesn't have any role"",""It leads to arrogance"",""It helps you focus on positives"",""It promotes self-doubt""]",It helps you focus on positives,13
How can visualization techniques boost self-confidence?,"[""They have no effect"",""They lead to unrealistic expectations"",""They help you mentally prepare for success"",""They make you anxious""]",They help you mentally prepare for success,14
What is the connection between self-awareness and self-confidence?,"[""There's no connection"",""Self-awareness can lead to self-doubt"",""Understanding your strengths and weaknesses builds confidence"",""Self-awareness leads to arrogance""]",Understanding your strengths and weaknesses builds confidence,15
How does celebrating your achievements impact self-confidence?,"[""It's irrelevant"",""It leads to complacency"",""It reinforces your self-doubt"",""It boosts self-esteem""]",It boosts self-esteem,16
What is the significance of embracing failure in building self-confidence?,"[""Failure has no significance"",""It leads to self-criticism"",""Failure is a valuable learning experience"",""It makes you give up""]",Failure is a valuable learning experience,17
How can positive affirmations help improve self-confidence?,"[""They don't help at all"",""They lead to arrogance"",""They challenge your beliefs"",""They boost self-esteem""]",They boost self-esteem,18
What role does self-reflection play in self-confidence?,"[""It's irrelevant"",""It leads to self-criticism"",""It helps you identify areas for improvement"",""Self-reflection promotes self-doubt""]",It helps you identify areas for improvement,19
How does positive feedback from others affect self-confidence?,"[""It has no effect"",""It leads to arrogance"",""It reinforces self-doubt"",""It boosts self-esteem""]",It boosts self-esteem,20
